{"cameraMode":{"drawMode":0,"name":"Shaded","section":"Shading Mode"},"sceneLighting":false,"audioPlay":false,"sceneViewState":{"m_AlwaysRefresh":false,"showFog":true,"showSkybox":false,"showFlares":true,"showImageEffects":true,"showParticleSystems":true,"showVisualEffectGraphs":true,"m_FxEnabled":true},"in2DMode":false,"pivot":{"x":3.468796968460083,"y":7.76332950592041,"z":-25.000289916992189},"rotation":{"x":0.4117078483104706,"y":-0.0053524659015238289,"z":0.002649168483912945,"w":0.9116324186325073},"size":7.088723659515381,"orthographic":false}