{"cameraMode":{"drawMode":0,"name":"Shaded","section":"Shading Mode"},"sceneLighting":true,"audioPlay":false,"sceneViewState":{"m_AlwaysRefresh":false,"showFog":true,"showSkybox":true,"showFlares":true,"showImageEffects":true,"showParticleSystems":true,"showVisualEffectGraphs":true,"m_FxEnabled":true},"in2DMode":false,"pivot":{"x":22.353124618530275,"y":19.951082229614259,"z":-10.76012897491455},"rotation":{"x":0.41288185119628909,"y":-0.34992724657058718,"z":0.1756904572248459,"w":0.8223655819892883},"size":23.888124465942384,"orthographic":false}