{"cameraMode":{"drawMode":0,"name":"Shaded","section":"Shading Mode"},"sceneLighting":false,"audioPlay":false,"sceneViewState":{"m_AlwaysRefresh":false,"showFog":true,"showSkybox":false,"showFlares":true,"showImageEffects":true,"showParticleSystems":true,"showVisualEffectGraphs":true,"m_FxEnabled":true},"in2DMode":false,"pivot":{"x":-4.905743598937988,"y":-6.37870979309082,"z":-39.75309371948242},"rotation":{"x":0.7432374954223633,"y":-0.0010036109015345574,"z":0.0011148083722218872,"w":0.6690253615379334},"size":55.124881744384769,"orthographic":true}