{"cameraMode":{"drawMode":0,"name":"Shaded","section":"Shading Mode"},"sceneLighting":false,"audioPlay":false,"sceneViewState":{"m_AlwaysRefresh":false,"showFog":true,"showSkybox":false,"showFlares":true,"showImageEffects":true,"showParticleSystems":true,"showVisualEffectGraphs":true,"m_FxEnabled":true},"in2DMode":false,"pivot":{"x":0.22803974151611329,"y":-3.6759510040283205,"z":0.3502063751220703},"rotation":{"x":0.572240948677063,"y":-0.1399616152048111,"z":0.09989623725414276,"w":0.8019024729728699},"size":15.684660911560059,"orthographic":false}