{"cameraMode":{"drawMode":0,"name":"Shaded","section":"Shading Mode"},"sceneLighting":false,"audioPlay":false,"sceneViewState":{"m_AlwaysRefresh":false,"showFog":true,"showSkybox":false,"showFlares":true,"showImageEffects":true,"showParticleSystems":true,"showVisualEffectGraphs":true,"m_FxEnabled":true},"in2DMode":false,"pivot":{"x":-0.41353073716163638,"y":3.3165996074676515,"z":-2.253891944885254},"rotation":{"x":0.3256295919418335,"y":0.29383713006973269,"z":-0.10703317821025849,"w":0.8924864530563355},"size":2.170488119125366,"orthographic":false}