{"cameraMode":{"drawMode":0,"name":"Shaded","section":"Shading Mode"},"sceneLighting":false,"audioPlay":false,"sceneViewState":{"m_AlwaysRefresh":false,"showFog":true,"showSkybox":false,"showFlares":true,"showImageEffects":true,"showParticleSystems":true,"showVisualEffectGraphs":true,"m_FxEnabled":true},"in2DMode":false,"pivot":{"x":-0.08477973937988281,"y":-0.05844402313232422,"z":1.0098538398742676},"rotation":{"x":0.47919589281082156,"y":-0.2913171052932739,"z":0.17238155007362367,"w":0.809855580329895},"size":8.660256385803223,"orthographic":false}